lng,lat,Name,description,HYPERLINK,POSTALCODE,KEEPERNAME,TOTALROOMS,ADDRESS,INC_CRC,FMEL_UPD_D,DESCRIPTION2,NAME2
103.8392241,1.300509542,JEN Singapore Orchardgateway by Shangri-La,,singaporeorchardgateway@hoteljen.com,238858,Kuok Oon Kwong,499,"277 Orchard Road , # 10-01",BE1CAD1F9EA0CAE3,2.02101E+13,,
103.8239124,1.304270531,JEN Singapore Tanglin by Shangri-La,,singaporetanglin@hoteljen.com,249716,Kuok Oon Kwong,565,1A Cuscaden Road,B5529ACF9E6012E4,2.02101E+13,,
103.8774602,1.311585869,JH HOTEL,,anguskt@gmail.com,399041,CHEN ZHIQIONG,42,8 LORONG 10 GEYLANG,A22CE6E92D6AEBF0,2.02101E+13,,
103.8444551,1.29772284,Ji Hotel Orchard Singapore,,,238485,Koo Sheuan,81,11 PENANG LANE INNOTEL,66BD9D0F880BBBD4,2.02101E+13,,
103.8788067,1.31022734,Jin Dong Hotel,,,399007,ong kum fatt,33,33 Lorong 12 Geylang,D7209ADD0712A1B6,2.02101E+13,,
103.87396,1.311183012,Joyfor Singapore,,joyfor.sg@gmail.com,389226,Koo Seck Chong,17,135 Geylang Road,D30116664B182FD0,2.02101E+13,,
103.8555161,1.294652906,JW Marriott Hotel Singapore South Beach,,jw.sinjw.contactus@marriott.com,189763,STEPHANE LOUIS FABREGOUL,634,30 Beach Road,7A601D8BEC62E672,2.02101E+13,,
103.8765023,1.309994242,K Hotel,,,399199,CAI WENCHAO,56,44 LORONG 6 GEYLANG,0BE03789A9C46C8B,2.02101E+13,,
103.9045742,1.304853368,Holiday Inn Express Singapore Katong,,,423371,Adel Aramouni,451,"88 EAST COAST ROAD, # 07-05 KATONG SQUARE",5849E01E116E3183,2.02101E+13,,
103.8366804,1.303227956,Holiday Inn Express Singapore Orchard Road,,info.sinex@ihg.com,229921,Najeeb Kurungottu,221,20 Bideford Road,1E17B0CDF1E7CDA8,2.02101E+13,,
103.8586303,1.31014109,Holiday Inn Express Singapore Serangoon,,,209019,Garside Ashleigh Maree,119,270 JALAN BESAR,F42B9FBA63112392,2.02101E+13,,
103.8340683,1.289070192,Holiday Inn Singapore Atrium,,hiatrium@ichotelsgroup.com,169075,Tuncay Bockin,518,317 Outram Road,11EF65BD203685B9,2.02101E+13,,
103.8411016,1.302279125,Holiday Inn Singapore Orchard City Centre,,info.hisinorchard@ihg.com,229616,Gobind Naroomal Gary Harilela @Gary Harilela,324,11 Cavenagh Road,789DE80F5E0211C0,2.02101E+13,,
103.8781213,1.311400431,Home Suite View Hotel,,homesuite12@gmail.com,398993,SWEE WEIDI,175,12 Lorong 12 Geylang,01012B339B2217D5,2.02101E+13,,
103.8530696,1.321703139,Hoover Hotel,,,329706,Lim Choon Hua,42,"246 Balestier Road , # 02-01",EFBE8B5CA40442B0,2.02101E+13,,
103.856274,1.310478926,Hotel 165,,jackson@hotel165.sg,208532,Siah Wei Bin,68,165 Kitchener Road,9B96822662A98D40,2.02101E+13,,
103.8524227,1.300963164,Ibis Singapore on Bencoolen,,H6657@accor.com,189657,David Malcolm Lane,538,170 Bencoolen Street,CE29B88E538416F1,2.02101E+13,,
103.8248974,1.304673224,The Regent Singapore,,reservations@regentsingapore.com.sg,249715,Oscar Joan Giorgius Postma,440,1 Cuscaden Road,0483F038CB574301,2.02101E+13,,
103.8581441,1.315592309,K Space Inn 569,,,218184,CAI WENCHAO,7,569 SERANGOON ROAD 60'S HOSTEL,732F33D9582A2253,2.02101E+13,,
103.9120405,1.308696956,RedDoorz near Marine Parade Central,,,428996,AMIT SABERWAL,62,400 EAST COAST ROAD GARDEN TERRACE HOTEL,4DB366809E651AA1,2.02101E+13,,
103.8801191,1.311791404,Hotel 81 - Palace,,hotel81@hotel81.com.sg,398867,Chu Poh Yong,192,25 Lorong 16 Geylang,6FD6C20143A9880D,2.02101E+13,,
103.8532704,1.32124007,Value Hotel - Balestier,,valuehotel@valuehotel.com.sg,329684,Chu Poh Yong,208,218 Balestier Road,EC3E7E349FA619EE,2.02101E+13,,
103.8531233,1.321380466,Hotel 81 - Balestier,,hotel81@hotel81.com.sg,329688,Chu Poh Yong,53,226 Balestier Road,30C90C6B5398385C,2.02101E+13,,
103.8556186,1.296878534,Hotel 81 - Bugis,,hotel81@hotel81.com.sg,188995,Chu Poh Yong,88,31 Middle Road,15B1260EA042F00D,2.02101E+13,,
103.9117291,1.318691156,Hotel 81 - Changi,,hotel81@hotel81.com.sg,419871,Chu Poh Yong,80,"428 Changi Road , # 01-01",26435B9826BFF5F1,2.02101E+13,,
103.8784174,1.311991277,Hotel 81 - Cherry,,hotel81@hotel81.com.sg,399014,Chu Poh Yong,53,3 Lorong 12 Geylang,7B3DF51643724BE4,2.02101E+13,,
103.8440985,1.284563672,Hotel 81 - Chinatown,,hotel81@hotel81.com.sg,59418,Chu Poh Yong,95,181 New Bridge Road,6BB3C9FBF88A4898,2.02101E+13,,
103.8418594,1.2796669,Hotel 81 - Cosy,,hotel81@hotel81.com.sg,89263,Chu Poh Yong,39,8 Jiak Chuan Road,F844FDFCD3FCFA99,2.02101E+13,,
103.8542693,1.304904466,Hotel 81 - Dickson,,hotel81@hotel81.com.sg,209530,Chu Poh Yong,196,3 Dickson Road,7991DBAA1EF8329B,2.02101E+13,,
103.8602719,1.312379647,Hotel 81 - Elegance,,hotel81@hotel81.com.sg,209276,Chu Poh Yong,120,"30 Foch Road , # 01-01",ED21428AA77FF425,2.02101E+13,,
103.8525999,1.322184906,Hotel 81 - Fuji,,hotel81@hotel81.com.sg,329720,Chu Poh Yong,78,269 Balestier Road,787F346C2426ABE0,2.02101E+13,,
103.7685897,1.292334442,The Quay Hotel West Coast,,,118769,Heng Chern Chieh Germaine,42,428 PASIR PANJANG ROAD SANTA GRAND HOTEL WEST COAST,92F45D6A0A4C34F7,2.02101E+13,,
103.8357483,1.307751532,The Quincy Hotel,,info.tqh@fareast.com.sg,228517,Kurukulasuriya Shakila Mehani Fernando,108,22 Mount Elizabeth,0DDCF09C9E89EB9F,2.02101E+13,,
103.8773364,1.31076954,Golden Star Hotel,,goldenstarhotel@yahoo.com.sg,399095,Timothy Seah How Ming,43,31 Lorong 8 Geylang,31835167831920D5,2.02101E+13,,
103.8341091,1.308222146,Goodwood Park Hotel,,enquiries@goodwoodparkhotel.com.sg,228221,"Khoo Bee Geok, Mavis",233,22 Scotts Road,0CB42F3CAFB966B5,2.02101E+13,,
103.8332833,1.306345336,Grand Hyatt Singapore,,singapore.grand@hyatt.com,228211,Willi Beat Martin,677,10 Scotts Road,F5543044BAEC0506,2.02101E+13,,
103.9040511,1.304325989,Grand Mercure Roxy Hotel,,H3610-FO16@accor.com,428769,Ng Wai Peng,576,50 East Coast Road,FEC8882D5B30CF49,2.02101E+13,,
103.8501239,1.292628942,Grand Park City Hall,,info.gpch@parkhotelgroup.com,179809,Jeane Lim Sook Tiang,343,10 Coleman Street,ED8DF7F4128749AC,2.02101E+13,,
103.836202,1.303105251,Grand Park Orchard,,infor.gpor@parkhotelgroup.com,238857,Lim Kang-Ling,308,270 Orchard Road,AC132E5EFF9711B1,2.02101E+13,,
103.8575554,1.315910933,GREENDILI BACKPACKERS HOSTEL,,GREENDILIHOSTEL@GMAIL.COM,218673,SUN KANGQING,9,427 RACE COURSE ROAD GREENDILI BACKPACKERS HOSTEL,76E9C8C26E89E1EE,2.02101E+13,,
103.8545807,1.30462079,Haising Hotel,,hs@haising.com.sg,208801,Tan Boon Yong Dominic,56,33A Jalan Besar,4EDEA087007B5886,2.02101E+13,,
103.8277447,1.272614026,Harbour Ville Hotel,,harbourv@singnet.com.sg,99448,Lim Shirley,100,512 Kampong Bahru Road,EBDEEC996FFCE73B,2.02101E+13,,
103.8615097,1.31156412,Harbour Ville Hotel Hamilton,,,209210,SOH SHIL NIE,43,40 HAMILTON ROAD,EC415EC11AE52BC8,2.02101E+13,,
103.8581551,1.310192364,7 Wonders Hostel,,,208930,Shahjahan Bin Mohamed Sitthiq,5,257 Jalan Besar,4BC4048148518C7C,2.02101E+13,,
103.8523506,1.306351761,7 Wonders Hostel @ Upper Dickson,,hr@7wondershostel.com,207472,SHAHJAHAN BIN MOHAMED SITTHIQ,8,12A UPPER DICKSON ROAD CLIFDEN HOSTEL,59983D0C6DBD17D5,2.02101E+13,,
103.8592676,1.303668879,ABC HOSTEL,,booking@abchostel.com.sg,199201,TEO WEN HAO,23,3  Jalan Kubor (1st Storey),CA625887E4BDE889,2.02101E+13,,
103.8846809,1.313241048,AL Asia Hotel,,,389447,Lim Siew Iy @ Lim Siew Ching,16,488 GEYLANG ROAD,C7D6BD8F9A1D3615,2.02101E+13,,
103.8602681,1.30336025,Aliwal Park Hotel,,aliwalpark77@gmail.com,199948,Wong Lee Peng,53,77 Aliwal Street,338C31C6EB6057EA,2.02101E+13,,
103.8220166,1.252128,"Amara Sanctuary Resort, Sentosa",,sentosa@amarasanctuary.com,99394,Joseph Thiang Thin Poh,140,1 Larkhill Road,7E2F91BFBF93F966,2.02101E+13,,
103.8435001,1.274934738,Amara Singapore,,singapore@amarahotels.com,88539,Joseph Thiang Thin Poh,380,165 Tanjong Pagar Road,B8E4090856EEF4CB,2.02101E+13,,
103.8778722,1.313922972,Amrise Hotel,,reservation@amrisehotel.com,387436,LIM TIM BOCK,58,"112 Sims Avenue , # 01-01",BD6D5FF91F9D87FB,2.02101E+13,,
103.8457215,1.280728886,Ann Siang House,,,69708,Manchharam Ashish,20,28 ANN SIANG ROAD,73EE86A8291261E8,2.02101E+13,,
103.8986087,1.314964129,Aqueen Heritage Hotel - Joo Chiat,,,427373,Chan Boon Tat,70,51 Joo Chiat Road,479DDB1B2064D8F8,2.02101E+13,,
103.8518683,1.30736541,AQUEEN Heritage Hotel - Little India,,,219962,Chan Boon Tat,70,22 BELILIOS LANE AQUEEN HERITAGE HOTEL - LITTLE INDIA,29AF37AA78351766,2.02101E+13,,
103.861344,1.311445116,Arcadia Hotel,,wyneo@arcadiahotel.com.sg,209201,Neo Wan Yong,36,32 Hamilton Road,1E36496D94BE0983,2.02101E+13,,
103.8559161,1.308981956,Arianna Hotel,,accounts@arianna.com.sg,207662,Ng Swee Yak,51,83 Syed Alwi Road,7FEC20B2AE2C0DC7,2.02101E+13,,
103.8729578,1.31083993,Ark Hostel,,singaporelodgingpteltd@gmail.com,389200,Kelvin Tng Eng Khai,31,83B Geylang Road,76C437DC0103BE05,2.02101E+13,,
103.8608559,1.312000125,Arton Hotel,,,207576,Ooi Teck Hin,109,176 Tyrwhitt Road,CE24146FE1909105,2.02101E+13,,
103.8371184,1.303988697,Ascott Orchard Singapore,,,229724,Wong Mei Ling Judy,220,11 CAIRNHILL ROAD,3FB23879C3C224C7,2.02101E+13,,
103.8515444,1.282084547,Ascott Singapore Raffles Place,,enquiry@the-ascott.com,49247,Judy Wong Mei Ling,146,2 Finlayson Green,EA1EEC707A782A8A,2.02101E+13,,
103.8547249,1.308503924,Asia Star Hotel,,johnnyangys@hotmail.com,207995,Ang Ying Soon,14,44 Rowell Road,02A170199B52C836,2.02101E+13,,
103.8593947,1.301204149,Beary Best! Hostel Kampong Glam,,BearyKG@abearygoodhostel.com,199761,MARECHAL PIERRE JEAN M,4,"64 ARAB STREET, # 00-00",6170F48FB938CB60,2.02101E+13,,
103.9001681,1.312202682,Betel Box Backpackers Hostel,,info@betelbox.com,427471,Tan Say Kiong,6,200 Joo Chiat Road,C35238BC7123EC69,2.02101E+13,,
103.8601522,1.31180996,Blanc Inn,,blancinn@gmail.com,207564,Iek Tong Wah,4,151 Tyrwhitt Road,0A0416C2BAE46AC6,2.02101E+13,,
103.8443042,1.284457744,Bliss Hotel Singapore,,reservation@blisshotel.com.sg,58353,Kee Khek Thai,42,62 Upper Cross Street,2B14BC13300BD208,2.02101E+13,,
103.8579055,1.309825972,Blue Jazz Hostel,,,208916,Wang CuiRong,5,243 JALAN BESAR,5D64B51A34C4AA8B,2.02101E+13,,
103.8584365,1.302587112,Breeze Inn,,breezeinn8@gmail.com,199135,LIN YI YUN,16,3 JALAN PINANG ADAMSON INN,0B1AF9552E85769A,2.02101E+13,,
103.8788649,1.313515933,Bright Star Hotel,,brightstarhotel@yahoo.com.sg,388575,Pauline Seah Swee Lian,86,20 Lorong 17 Geylang,CB853F541BB75F19,2.02101E+13,,
103.8532245,1.309179002,Broadway Hotel,,broadwayhotelsingapore@yahoo.com,218067,Sim Seng Quee,65,195 Serangoon Road,6FA883FF81602956,2.02101E+13,,
103.8804236,1.312217208,BudgetOne Hotel,,,398793,Lim Kee Huat,49,10 LORONG 18 GEYLANG BUDGETONE HOTEL,A49D496D62911FD2,2.02101E+13,,
103.8418245,1.280631338,BUTTERNUTTREE HOTEL,,,88392,WIWIN CHRISTANTI GHOBIND,55,22 TECK LIM ROAD PARK 22 HOTEL CHINATOWN,41FED2B8CE69E2DF,2.02101E+13,,
103.954974,1.336742348,Cameron Hotel,,info@cameronhotel.com.sg,486917,Nicholas Ong Ann Wei,19,393F Upper Changi Road,95B50FAF44FE2B29,2.02101E+13,,
103.8526415,1.304994705,Campbell Inn,,,209922,Wang Cuirong,10,50 CAMPBELL LANE CHECKERS BACKPACKERS,AEC0344008F84BBA,2.02101E+13,,
103.8243782,1.249482974,"Capella Hotel, Singapore",,gr.singapore@capellahotels.com,98297,Fernando Gibaja Garcia-Zarco,193,1 The Knolls,9CA2E74FFAE5A355,2.02101E+13,,
103.9635838,1.334265565,"Capri By Fraser Changi City, Singapore",,resvn.changicity@capribyfraser.com,486037,Vernon Lee Koon Yong,313,3 Changi Business Park Central 1  Changi City,8E9AFDE80718099C,2.02101E+13,,
103.8470617,1.284014676,"Capri By Fraser China Square, Singapore",,reservations.singapore@capribyfraser.com,58743,Vernon Lee Koon Yong,304,181 SOUTH BRIDGE ROAD,A88878CB6DF3EA60,2.02101E+13,,
103.8839553,1.315942206,CapsulePod@Aljunied,,,388194,YAN TONGJI,8,76A LORONG 27 GEYLANG,5EA68B54FDAD1C8E,2.02101E+13,,
103.8436985,1.275958456,Carlton City Hotel Singapore,,douglas.glen@carltoncity.sg,78862,Douglas Maxwell Glen,386,1 Gopeng Street,552A51C59C1F53D4,2.02101E+13,,
103.8983759,1.31473398,Champion Hotel,,janet@championhotel.com.sg,427726,Lim Liang Jason,81,60 Joo Chiat Road,9FE5576D9A6777AE,2.02101E+13,,
103.975655,1.388575146,Changi Cove,,enquiry@changicove.com,509866,Chew Tee Yen,141,351 Cranwell Road,0716878A862C1E5E,2.02101E+13,,
103.9583176,1.379168552,Cherryloft Resorts,,resorts@cherryloft.com,509404,ONG RYAN ZHENGYONG,186,159 Jalan Loyang Besar,F90A1F0BFEB16707,2.02101E+13,,
103.8489647,1.28795052,Circular House,,,49362,AMIT BHAGAT,12,6 CIRCULAR ROAD,0234F0BD23901BE2,2.02101E+13,,
103.8514388,1.305122217,Citadines Rochor Singapore,,frontoffice.crsg@the-ascott.com,218227,WONG MEI LING JUDY,320,"2 SERANGOON ROAD, # 03-01 TEKKA PLACE",15C288F990452AB4,2.02101E+13,,
103.8472819,1.287803988,City Backpackers,,citybackpackers@hotmail.com,59661,Tan Kee Chong Derrick,11,18 Hongkong Street,008BD07599CBF9D1,2.02101E+13,,
103.8522447,1.301568972,Hawaii Hostel,,,189641,Ng Kun Heng,83,169A Bencoolen Street,CF2AA3D06F0E5409,2.02101E+13,,
103.8457226,1.282773245,Heritage Collection on Chinatown,,,58776,Yap Hui Wen,27,"227 SOUTH BRIDGE ROAD, # 01-03",FDAC3EDCBAD2FE8F,2.02101E+13,,
103.8519287,1.3083356,Hilton Garden Inn Singapore Serangoon,,singi.hotel@hilton.com,219924,Eva Moral,328,3 Belilios Road,52BC35B40F7286B1,2.02101E+13,,
103.8293149,1.305879021,Hilton Singapore,,sinhi@hilton.com,238883,Peter Webster,423,581 Orchard Road,7FA3C24CCB49505F,2.02101E+13,,
103.8419839,1.289244027,Holiday Inn Express Singapore Clarke Quay,,info.sincq@ihg.com,59573,Alexandra Pauline Kloprogge,442,2 Magazine Road,F0535AE38FFEDB05,2.02101E+13,,
103.8486454,1.283000389,Amoy Hotel,,info.amoy@fareast.com.sg,48464,Clemence Cheah,37,76 Telok Ayer Street,3144BDE51ABFBCA3,2.02107E+13,,
103.8578595,1.299162956,Andaz Singapore,,singapore@andaz.com,189354,Karl Stephan Oliver,342,5 FRASER STREET,60AA84F2F58A4CB6,2.02107E+13,,
103.8612979,1.31180974,AQUEEN Prestige Hotel - Lavender,,,209204,Chan Boon Tat,72,35 HAMILTON ROAD,3645A69C04BA1668,2.02107E+13,,
103.8596814,1.300786368,ARABIC INN,,,199745,sun kangqing,6,48 ARAB STREET KAMPONG @ ARAB,3639B3A33C005FFD,2.02107E+13,,
103.8165479,1.259237739,Beach Villas,,enquires@rwsentosa.com,98135,Sim Wai Peng Tina,35,20 Sentosa Gateway,92A0A0E98B37D4A7,2.02107E+13,,
103.8569348,1.298001825,Bluewaters Pod,,bluewatershospitalitypl@gmail.com,188091,ANG QIU PING,5,"2 TAN QUEE LAN STREET, # 02-01 ATLANTIS PODS @ BUGIS",8635C25509D8CF52,2.02107E+13,,
103.8471017,1.287055455,CHAMPION HOTEL CITY,,janet@championhotel.com.sg,59293,Lim Liang Jason,33,37 NORTH CANAL ROAD,684B4BB4360E2039,2.02107E+13,,
103.8604244,1.300944292,Checkers Hostel @ Beach Road,,MSRPHILIP@YAHOO.COM,199550,MD SHAMSUR RAHMAN,23,285 BEACH ROAD,16782ABCCC2857FA,2.02107E+13,,
103.8192799,1.255933873,Crockfords Tower,,enquires@rwsentosa.com,98270,Sim Wai Peng Tina,121,10 Sentosa Gateway,373665F51CB5CE30,2.02107E+13,,
103.83501,1.284322108,D'Hotel,,,169040,WONG MEI LING JUDY,41,231 OUTRAM ROAD WANGZ HOTEL,BA1293324C5E9236,2.02107E+13,,
103.9626571,1.323973311,Dusit Thani Laguna Singapore,,,488047,Piatti Eric Michel,198,11 LAGUNA GOLF GREEN LAGUNA NATIONAL GOLF & COUNTRY CLUB,BC13D102FD335F2A,2.02107E+13,,
103.8168967,1.257671134,Equarius Hotel,,enquiries@rwsentosa.com,98133,Sim Wai Peng Tina,183,16 Sentosa Gateway,232A2F5F23CB1EEB,2.02107E+13,,
103.8190267,1.256021103,Festive Hotel,,enquiries@rwsentosa.com,98271,Sim Wai Peng Tina,447,12 Sentosa Gateway,D61B8AECFE7D4D7B,2.02107E+13,,
103.8366038,1.289370984,"Four Points by Sheraton Singapore, Riverview",,finance@fourpointssingaporeriverview.com,169629,Ho Chung Kain,476,382 Havelock Road,BA66776174B64DE1,2.02107E+13,,
103.7392596,1.331561629,Genting Hotel Jurong,,enquiries@rwsentosa.com,608516,Sim Wai Peng Tina,557,2 Town Hall Link,686D365D8025BA1B,2.02107E+13,,
103.835148,1.290281927,Grand Copthorne Waterfront Hotel Singapore,,enquiry.gcw@millenniumhotels.com,169663,PJEY MAYANDI,574,392 Havelock Road,6E857A24B95AD34E,2.02107E+13,,
103.8189139,1.257465833,Hard Rock Hotel,,enquiries@rwsentosa.com,98139,Sim Wai Peng Tina,364,28 Sentosa Gateway,4A9092583E11CF5C,2.02107E+13,,
103.8491959,1.288202075,Heritage Collection on Boat Quay Quayside Wing,,,49864,YAP HUI WEN,41,76 BOAT QUAY,8D11DCD7DAFD062A,2.02107E+13,,
103.8484992,1.288082379,Heritage Collection on Clarke Quay,,,58670,Yap Hui Wen,19,36 SOUTH BRIDGE ROAD LAI NGUANG BUILDING,0A441E255985EF58,2.02107E+13,,
103.8418123,1.280792161,Hotel 1929,,,89154,Tang Han Min Alan,33,50 KEONG SAIK ROAD Q LOFT HOTEL1929@CHINATOWN,E4F5799E91ED248D,2.02107E+13,,
103.8441752,1.282567638,Hotel Calmo Chinatown,,,58476,CAI WENCHAO,80,25 TRENGGANU STREET HOTEL 1887,640B893DD1F6E94A,2.02107E+13,,
103.8595845,1.303670814,Hotel Clover 769 North Bridge Road,,info@hotelclover769.com,198737,"TEO JUN LIANG, JEREMY",35,769 NORTH BRIDGE ROAD HOTEL CLOVER 769 NORTH BRIDGE ROAD,4DFBFFE30BD990F3,2.02107E+13,,
103.8818642,1.311004792,Hotel Compass,,,398693,JIN CHENCHEN,49,36 LORONG 22 GEYLANG HOTEL COMPASS,264B1100AB4EFC21,2.02107E+13,,
103.8202194,1.254933447,Hotel Michael,,enquiries@rwsentosa.com,98269,Sim Wai Peng Tina,464,8 Sentosa Gateway,B723D8A2F78E7A9D,2.02107E+13,,
103.877506,1.31145567,ibis budget Singapore Ametrine,,,399043,Gan Kuan Yew,38,10 LORONG 10 GEYLANG,C4D60DCEDFDBCD3D,2.02107E+13,,
103.901247,1.311494983,ibis budget Singapore Joo Chiat,,contact@fragrancehotel.com,427485,GAN KUAN YEW,90,219 Joo Chiat Road,812779CA7E764F6F,2.02107E+13,,
103.8780274,1.313164134,K Hotel 1515,,,388607,CAI WENCHAO,80,15 LORONG 15 GEYLANG ZEN ROOMS 1515,03CA58F0F105F1AA,2.02107E+13,,
103.8531667,1.313339789,K SPACE INN OWEN,,,218903,CAI WENCHAO,6,91A OWEN ROAD,ACC37C9B5A9A9BBF,2.02107E+13,,
103.8485505,1.287488357,KINN,,RESERVATIONS@STAYWITHKINN.COM,58673,BRANDON SMITH,7,39 SOUTH BRIDGE ROAD,A6E4166EB90C7B14,2.02107E+13,,
103.8340759,1.285564292,New Cape Inn,,,168891,CHRISTOPHER ELY,76,3 SENG POH ROAD GREEN WORLD,7F64CEFDCFC438DA,2.02107E+13,,
103.85309,1.307821846,Oh My Suites,,,207309,"LEE YI, CHRISTABELLE",24,3 VEERASAMY ROAD REDDOORZ PREMIUM @ SERANGOON,9575796F63448ADC,2.02107E+13,,
103.8281644,1.307668609,Orchard Hotel Singapore,,,238879,Wong On Tat Andy,656,442 Orchard Road,B8CCD00C487D6E94,2.02107E+13,,
103.8507292,1.307619514,Park 22 Hotel Little India,,,219184,ROY LENG ZHENG,31,60 KERBAU ROAD PARK 22 HOTEL LITTLE INDIA,B6DD5FF9989E2F12,2.02107E+13,,
103.8462903,1.285639137,"PARKROYAL Collection Pickering, Singapore",,,58289,JACOPIN JEAN-PHILIPPE DANIEL,367,3 Upper Pickering Street,E9C6C11C642C77C6,2.02107E+13,,
103.8758942,1.313256584,Regin Hotel,,,387416,Heng Siam Khim,46,56 SIMS AVENUE ZEN ROOMS OASIS,2247F2C15EE9F707,2.02107E+13,,
103.8603159,1.314362497,Rucksack Inn 2 @Lavender,,,338800,Dorit Grueber,12,280A Lavender Street,6CD4132232A3CC9E,2.02107E+13,,
103.8603159,1.314362497,Rucksack Inn@Lavender,,lavender@rucksackinn.com,338800,Dorit Grueber,7,280  Lavender Street,6CD41322B5A99248,2.02107E+13,,
103.8548407,1.305365778,ST Signature Jalan Besar,,,207372,Goh Keng Hong,69,15 UPPER WELD ROAD BUNC HOSTEL,EA004B2D63B9F77B,2.02107E+13,,
103.8583952,1.302629344,The Hive@bugis,,,199137,YAN TONGJI,8,5 JALAN PINANG TREE IN LODGE,18A4539469AB88C3,2.02107E+13,,
103.8577583,1.291117284,The Pan Pacific Hotel Singapore,,enquiry.ppsin@panpacific.com,39595,Paul Margaret Spence,790,7 Raffles Boulevard,1DC444E00EC97F5B,2.02107E+13,,
103.8374726,1.289201889,The Warehouse Hotel,,,169628,Tarun Kalra,37,320 HAVELOCK ROAD,D1008FC95CE8CA2A,2.02107E+13,,
103.9860611,1.390402109,Village Hotel Changi,,info.vhc@fareast.com.sg,508502,Teo Kah Eng,380,1 Netheravon Road,D54C65340062E608,2.02107E+13,,
103.9029123,1.303779361,Village Hotel Katong,,info.vhk@fareast.com.sg,449536,Terence Govinden,229,25 Marine Parade Road,EA762650855235F7,2.02107E+13,,
103.8795654,1.311785807,Hotel 81 - Geylang,,hotel81@hotel81.com.sg,398863,Chu Poh Yong,88,20 Lorong 16 Geylang,C0A53C0A43885765,2.02101E+13,,
103.8811221,1.311956426,Hotel 81 - Gold,,hotel81@hotel81.com.sg,398738,Chu Poh Yong,98,20 Lorong 20 Geylang,412D36BEFF0E2D10,2.02101E+13,,
103.8581618,1.309429943,Classique Hotel,,reservations@classiquehotel.com.sg,208913,Ang Beng MAY,42,"240 Jalan Besar , # 01-01",3C427F683C0D0D2E,2.02101E+13,,
103.8347267,1.285005195,COLLER BOUTIQUE HOSTEL,,,169056,KHOO HOCK CHYE,11,259 OUTRAM ROAD,E73470306E8D3344,2.02101E+13,,
103.8422281,1.300614371,Concorde Hotel Singapore,,singapore@concorde.net,238840,Karl Lee Muir,418,100 Orchard Road,F159AF5E324D56DB,2.02101E+13,,
103.8587748,1.293525043,Conrad Centennial Singapore,,sinci_acc@conradhotels.com,38982,Peter Toi,512,2 Temasek Boulevard,B345D633745337B5,2.02101E+13,,
103.8366425,1.288259599,Copthorne King Hotel Singapore,,rooms@copthornekings.com.sg,169632,Yeoh Cheng Kung,313,403 Havelock Road,AC71C768A70E334B,2.02101E+13,,
103.8431651,1.320594767,Courtyard By Marriott Singapore Novena,,,329568,Khong Cheng Hoe Peter,250,"99 IRRAWADDY ROAD, # 22-00 ROYAL SQUARE AT NOVENA",5610EBA03AB6F4B4,2.02101E+13,,
103.8728759,1.310773894,Coziee Lodge,,denniskyj@gmail.com,389198,"Kwek Yi Jun, Dennis",5,77A Geylang Road,2120FA2DB22770F6,2.02101E+13,,
103.9879472,1.358680347,Crowne Plaza Changi Airport,,sincp@ihg.com,819664,Cristol Bruno Olivier,563,75 Airport Boulevard,AF34378EAA44E3DD,2.02101E+13,,
103.8641693,1.302366552,Destination Singapore Beach Road,,Beelay.Pua@yourdestinationhotel.com,199598,Steven Tang,300,700 BEACH ROAD 700 BEACH,122395C0A3F52261,2.02101E+13,,
103.8808387,1.311860422,Diamond Hotel,,diamondhotelreservations@gmail.com,398806,Tan Hui Sion,42,25 Lorong 18 Geylang,17422EA029290C65,2.02101E+13,,
103.8400076,1.279626683,Dorsett Singapore,,info.singapore@dorsetthotels.com,88765,Khoo Lee Ping Jessie,285,333 New Bridge Road,544E8182666D9389,2.02101E+13,,
103.8431879,1.278870346,Duxton Reserve,,,89540,Harpreet Kaur Bedi,49,83 Duxton Road,62177A4089D486B1,2.02101E+13,,
103.8476451,1.279877451,EIGHTEEN BY THREE CABINS,,k.yap@18by3.com,68722,Lim Keong Wee,18,3 STANLEY STREET,21EE5FC68D6045AF,2.02101E+13,,
103.8533318,1.294076438,"Fairmont, Singapore",,singapore@fairmont.com,189560,Marcus Moris Hanna,772,80 Bras Basah Road,64140E184305FFB3,2.02101E+13,,
103.8766907,1.310909999,five/6 Hotel Splendour,,,399167,Teo Chou Chun,71,5 LORONG 6 GEYLANG,D0F89133A1214EA9,2.02101E+13,,
103.8549532,1.311707327,Fortuna Hotel,,reservations@fortunahotel.com.sg,218842,Chong Hiew Kwang,105,2 Owen Road,4DC1FFEF67AAC417,2.02101E+13,,
103.8286527,1.305210214,Four Seasons Hotel,,,248646,DRAMINSKY PETER CHRISTIAN,259,190 Orchard Boulevard,20843A22330FB9E2,2.02101E+13,,
103.8526591,1.32197357,Fragrance Hotel - Balestier,,contact@fragrancehotel.com,329710,SUN YI,48,255 Balestier Road,8531B2A830493742,2.02101E+13,,
103.8496203,1.325865017,Fragrance Hotel - Classic,,contact@fragrancehotel.com,329808,SUN YI,48,418 Balestier Road,786F2851FED95010,2.02101E+13,,
103.8787331,1.354063969,Fragrance Hotel - Kovan,,contact@fragrancehotel.com,534629,SUN YI,43,760 Upper Serangoon Road,D4736F73314509FD,2.02101E+13,,
103.8630708,1.309789591,Fragrance Hotel - Lavender,,contact@fragrancehotel.com,338710,Sun Yi,35,51 Lavender Street,4635D5C533AB9359,2.02101E+13,,
103.8486055,1.325886093,Fragrance Hotel - Oasis,,contact@fragrancehotel.com,329816,SUN YI,36,435 Balestier Road,FD5312B946C9B885,2.02101E+13,,
103.7685128,1.292413763,Fragrance Hotel - Ocean View,,contact@fragrancehotel.com,118773,Sun Yi,47,432 Pasir Panjang Road,45B8CB84B412DE7F,2.02101E+13,,
103.8525648,1.322071787,Fragrance Hotel - Rose,,contact@fragrancehotel.com,329715,Sun Yi,68,263 Balestier Road,A4679646C54FA4E0,2.02101E+13,,
103.8139698,1.269888066,Fragrance Hotel - Viva,,contact@fragrancehotel.com,98721,Sun Yi,33,75 Wishart Road,577F6AF7F6C5259F,2.02101E+13,,
103.8445886,1.286473562,Furama City Centre Singapore,,financemgr.fcc@furama.com,59804,Ng Wei Yong,445,60 Eu Tong Sen Street,53FD02980AA77792,2.02101E+13,,
103.8360928,1.287634538,Furama Riverfront Singapore,,furama.riverfront@furama.com,169633,Ng Wei Yeow,615,405 Havelock Road,32401663556849F5,2.02101E+13,,
103.8499089,1.304349081,G4 Station Backpackers Hostel,,info@g4station.com,228675,Lee Fut Hua,23,11 Mackenzie Road,687BF6B7DA138240,2.02101E+13,,
103.9805684,1.388942066,GALLOP CHANGI BEACH RESORT,,,509671,MANIMAHALAI D/O CHAKRAPANI,40,49 HENDON ROAD,9D3E18D1A9DEAF28,2.02101E+13,,
103.7958543,1.334348298,GALLOP HILL TOP RESORT,,enquiry@gallopresort.com,287992,MANIMAHALAI D/O CHAKRAPANI,40,100 TURF CLUB ROAD,70F5E6522CC16FBF,2.02101E+13,,
103.7184257,1.419278158,GALLOP KRANJI FARM RESORT,,enquiry@gallopresort.com,718813,MANIMAHALAI D/O CHAKRAPANI,37,10 NEO TIEW LANE 2 D' KRANJI FARM RESORT,C46B5294DFE0E694,2.02101E+13,,
103.8594278,1.31564004,Gap Year Hostel,,gapyearhostel@gmail.com,338821,Yee Seng Fu,7,322 Lavender Street,39C5367D3D0CA169,2.02101E+13,,
103.8737413,1.311195162,Gay World Hotel,,,389218,Seah Ming Kwong,27,115 Geylang Road,4AA0EEBB872A16F9,2.02101E+13,,
103.8308115,1.277848759,GOLDEN HOSTEL,,,160146,Tham Keng Pong,7,"146 JALAN BUKIT MERAH, # 01-1088",83EE621BBFF77A54,2.02101E+13,,
103.8552509,1.30914207,Golden Royal Hotel,,eugene@goldenroyal-hotel.com,209645,Ee Kee Chai,54,51 Desker Road,73DBAFAC5FE99362,2.02101E+13,,
103.8593725,1.301621275,Cube @ Kampong Glam,,,199471,SONIA TAY MING HUI,7,55 BUSSORAH STREET,AA379FBC613AD712,2.02101E+13,,
103.8430064,1.283162183,CUBE @ smith street,,,58971,TAY MING HUI SONIA,7,76A SMITH STREET,10C6ADD5F223675C,2.02101E+13,,
103.8431615,1.28303983,Cube Family Boutique Capsule Hotel @ Chinatown,,booking@yeschinatownpoint.com,58967,TAY MING HUI SONIA,24,68A Smith Street,2440729DA9DCF732,2.02101E+13,,
103.8769699,1.310901268,Darlene Hotel (Geylang),,darlenehotel@gmail.com,399096,Teh Gek Keng,62,32 Lorong 8 Geylang,9F37B2920EA15700,2.02101E+13,,
103.8237922,1.266336798,Travelodge Harbourfront Singapore,,,98828,Wong Siew Khee,334,50 TELOK BLANGAH ROAD BAY HOTEL SINGAPORE,FF47311E1E8E7DB0,2.02101E+13,,
103.8837236,1.316126672,Urban Hostel,,,388189,Tan Kee Chong Derrick,11,67A Lorong 27 Geylang,5296EC9681AE2B78,2.02101E+13,,
103.8625256,1.307809275,V Hotel Lavender,,vhotel@vhotel.sg,208767,Edmund Yip Chak Mun,888,70 Jellicoe Road,942397A2ACC2C0FB,2.02101E+13,,
103.9024289,1.309579009,Venue Hotel,,contact@venuehotel.sg,427556,Chu Poh Yong,81,305 Joo Chiat Road,131753C344D858D8,2.02101E+13,,
103.9005825,1.311547918,Venue Hotel The Lily,,venuelily@venuehotel.sg,427495,Chu Poh Yong,84,238  Joo Chiat Road,2B19BCD44D386A59,2.02101E+13,,
103.8524423,1.297099854,Victoria Hotel,,reservations@victoriana.sg,188016,Loo Wai Peng,89,87 VICTORIA STREET VICTORIA HOTEL,76D40E76B9E09BF3,2.02101E+13,,
103.8008856,1.268937684,Villa Samadhi Singapore,,,119193,Federico Asaro,20,20 LABRADOR VILLA ROAD,38719C979D096BF8,2.02101E+13,,
103.8507167,1.303902601,Village Hotel Albert Court,,info.vhac@fareast.com.sg,189971,Terence Govinden,210,180 Albert Street,FB48D644D3E9B88D,2.02101E+13,,
103.857669,1.301928128,Village Hotel Bugis,,info.vhb@fareast.com.sg,188061,Gill Ishwinder,393,390 Victoria Street,8E7B1395FC168254,2.02101E+13,,
103.8199434,1.252259515,Village Hotel Sentosa,,,99951,JIM KHOO WEI KWAN,606,"10 ARTILLERY AVENUE, # 02-01",3ACCB4428D4691B9,2.02101E+13,,
103.8471127,1.287413312,Vintage Inn@Clarke Quay,,,59672,HO TING CHEE,5,"33 HONGKONG STREET, # 3-33B",507C9909B9CA8A8C,2.02101E+13,,
103.8345731,1.315647733,VIP Hotel,,booking@viphotel.com.sg,259895,Peter Yang,57,5 Balmoral Crescent,AAFED76C16C46740,2.02101E+13,,
103.8424281,1.246165504,W Singapore Sentosa Cove Hotel,,,98374,Heath Nicholas Robin,240,21 Ocean Way,EC5BB01E7622254E,2.02101E+13,,
103.8546296,1.305120938,Wanderlust,,,209494,Ashish Manchharam,29,2 DICKSON ROAD,E634CAE2151689A8,2.02101E+13,,
103.8441442,1.283948415,Wink Hostel,,,59488,Allan Lee @ Lee Kheen Woon,9,8A Mosque Street,8CD89B41D968313E,2.02101E+13,,
103.8475764,1.279684751,Wink Hostel @ Downtown,,,69044,Chon Yik Mau,10,3B MCCALLUM STREET,F61D800BB2361BCC,2.02101E+13,,
103.8596865,1.30420913,XY HOTEL BUGIS by ASANDA HOTELS AND RESORTS,,bugis_accounts@xyglobalhotel.com,199323,HAN BIN,15,11 JALAN KLAPA THE ARDENNES,3359BC36EEED4017,2.02101E+13,,
103.885504,1.314000851,Yew Lian Hotel,,,389504,Chang Ying,18,549A Geylang Road,7D48A90F765B9B0D,2.02101E+13,,
103.8351875,1.306925387,York Hotel,,enquiry@yorkhotel.com.sg,228516,Khoo Elizabeth,407,21 Mount Elizabeth,4CDA841E39CD3FBA,2.02101E+13,,
103.8313471,1.306344299,YOTEL Singapore Orchard Road,,brendan.daly@yotel.com,238904,DALY BRENDAN FRANCIS,610,366 ORCHARD ROAD,6548D63CFF38A41D,2.02101E+13,,
103.9890776,1.360340997,YotelAir Singapore Changi Airport,,jca.finance@yotel.com,819666,Nicholas James Cheesman,130,"78 AIRPORT BOULEVARD, # 04-280",F81397E00B2B73F3,2.02101E+13,,
103.8504023,1.29850072,30 BENCOOLEN,,andrew.bastian@30bencoolen.com.sg,189621,TAN KHENG HWEE,131,30 BENCOOLEN STREET,45B03EF3320B1450,2.02101E+13,,
103.8916177,1.322088201,Aqueen Hotel - Paya Lebar,,,409180,Chan Boon Tat,162,33 Jalan Afifi,112720F786F4FD2B,2.02101E+13,,
103.8612999,1.302716067,Hotel 81 - Heritage,,hotel81@hotel81.com.sg,198985,Chu Poh Yong,64,71 Jalan Sultan Road,267ED9728B9AFBFC,2.02101E+13,,
103.8774478,1.310055837,Hotel 81 - Hollywood,,hotel81@hotel81.com.sg,399121,Chu Poh Yong,112,61 Lorong 8 Geylang,626BFA3DD7DED2AA,2.02101E+13,,
103.8768033,1.31278804,Hotel 81 - Joy,,hotel81@hotel81.com.sg,388703,Chu Poh Yong,42,11 Lorong 11 Geylang,72C0948FAE764D12,2.02101E+13,,
103.8788668,1.35420717,Hotel 81 - Kovan,,hotel81@hotel81.com.sg,534636,Chu Poh Yong,89,"768 Upper Serangoon Road , # 02-01",80EC1F370839C845,2.02101E+13,,
103.8814979,1.311879644,Hotel 81 - Lucky,,hotel81@hotel81.com.sg,398741,Chu Poh Yong,77,23 Lorong 20 Geylang,B53E1B57F4840DD4,2.02101E+13,,
103.8777368,1.311922112,hotel ascendere pte ltd,,,399035,ONG KUM FATT,25,1 LORONG 10 GEYLANG,0A3BE5865921B7E6,2.02101E+13,,
103.8775129,1.311288557,K HOTEL 12,,,399045,CAI WENCHAO,28,12 LORONG 10 GEYLANG,FDFE52E2A7DA73CF,2.02101E+13,,
103.8775413,1.311230842,K HOTEL 14,,,399047,CAI WENCHAO,45,14 LORONG 10 GEYLANG,3C17D726A70BECCE,2.02101E+13,,
103.7864034,1.280618059,K2 Guesthouse,,hello@k2guesthouse.com,118146,KAY SIEW HWA,24,15 SOUTH BUONA VISTA ROAD,4036C00404CF8154,2.02101E+13,,
103.8564012,1.306686452,K2 Guesthouse Central,,,208852,WOON LI MING RACHEL,15,134 JALAN BESAR,2D2347DBCF59C246,2.02101E+13,,
103.8572716,1.315032878,Asphodel Inn,,asphoinn@yahoo.com.sg,218702,Ong Poi Hwa,55,380 Race Course Road (Level 2),2AA296091FCD297F,2.02101E+13,,
103.8557764,1.29837019,Backpacker Cozy Corner Guesthouse,,happyjohn@cozycornerguest.com,188736,"TEO FA YU, ALVIN",15,490 North Bridge Road (Level 2),9F6A6D4F9D2A2BFA,2.02101E+13,,
103.8453812,1.283846068,Beary Best! Hostel,,enquiry@abearygoodhostel.com,58332,Teo Pei Han Janine,11,18 Upper Cross Street,3C184E1C616FE499,2.02101E+13,,
103.858324,1.290660584,"Mandarin Oriental, Singapore",,,39797,Christian Andreas Hassing,527,5 Raffles Avenue Marina Square,D9935D84C8C1EF1F,2.02101E+13,,
103.8583084,1.282333351,Marina Bay Sands Singapore,,inquiries@marinabaysands.com,18956,Pek Chin Siong,2561,1 Bayfront Avenue,EE049C95B8D93424,2.02101E+13,,
103.8556938,1.308872611,Marrison @ Desker,,reservations@marrisonhotel.com,209598,Silvi,25,75 Desker Road,F674CA9F409D7914,2.02101E+13,,
103.8570875,1.297890922,Marrison Hotel,,reservations@marrisonhotel.com,189704,Silvi,96,103 Beach Road,A95F3C2475BEB75E,2.02101E+13,,
103.8443674,1.279152211,Maxwell Reserve,,,78857,Harpreet Kaur Bedi,138,2 COOK STREET,EE242E78B0F09290,2.02101E+13,,
103.8541205,1.303922577,Mayo Inn,,admin@mayoinn.com,208786,Terrance Tay Yew Soon,22,9 Jalan Besar,CCB8DFF7E4E46704,2.02101E+13,,
103.8606772,1.311391139,Meadows Hostel,,meadowshostel@gmail.com,209178,Charlie Chia,6,7A Hamilton Road,9FCF49363901BCC3,2.02101E+13,,
103.8283995,1.313941099,Mercure Singapore on Stevens,,H9561-gm@accor.com,257878,Kevin Glenn Bossino,518,"28 STEVENS ROAD, # 02-01",736907AABFF2A851,2.02101E+13,,
103.8546593,1.304740915,Meriton Hotel,,jackson@hotel165.sg,208804,Teo Ai Choo,40,43A Jalan Besar,3C69BB608AC852EB,2.02101E+13,,
103.8824612,1.312198234,Min Wah Hotel,,96ytlim@gmail.com,398676,Lim Yeoh Toong,97,19 Lorong 22 Geylang,36C8F402BD19E09E,2.02101E+13,,
103.8535244,1.306796673,MKS Backpackers' Hostel,,,209757,Muthukumaran S/O Varthan,5,44 Cuff Road,303A28DBA8243689,2.02101E+13,,
103.858989,1.315441706,Moni Gallery Hostel,,enquiry@monigalleryhostel.com,338795,Muhammad Syafiee Bin Fidrishah,9,263 Lavender Street,231ECF36D2928E69,2.02101E+13,,
103.8551817,1.295868085,Naumi,,,188396,Surya Kumar Jhunjhnuwala,73,41 SEAH STREET NAUMI,A6D1E2CAA630EA6F,2.02101E+13,,
103.8817472,1.313235812,New Cathay Hotel (Geylang),,newcathayhotel@yahoo.com.sg,389403,Timothy Seah How Ming,53,443A Geylang Road,9A317298E2DC1AFC,2.02101E+13,,
103.8510394,1.324291281,New Orchid Hotel,,neworchidhotel@hotmail.com,329777,Lim Lay Meng,68,347 Balestier Road,CF6430A3F11D1978,2.02101E+13,,
103.8582593,1.310237943,New Society Backpacker,,newsoc259@gmail.com,208934,Ho Chiuen Sheey,4,259A Jalan Besar,2A49668782EE61A8,2.02101E+13,,
103.8335514,1.285094624,Nostalgia Hotel,,frontdesk@hotelnostalgia.com.sg,168727,Ranjitha De Silva,50,77 Tiong Bahru Road,711B8213261F0802,2.02101E+13,,
103.8283995,1.313941099,Novotel Singapore On Stevens,,H9543-gm@accor.com,257878,Kevin Glenn Bossino,254,"28 STEVENS ROAD, # 01-01",736907AA25FE4DFE,2.02101E+13,,
103.8484086,1.2769807,OAKWOOD PREMIER AMTD SINGAPORE,,,68809,Roy Liang Ming Kai,268,"6 SHENTON WAY, # 07-01 OUE DOWNTOWN",7205A5535E1146FF,2.02101E+13,,
103.8442449,1.27585063,"Oasia Hotel Downtown, Singapore",,reseasy@fareast.com.sg,79333,Chai Khye Yeien,314,100 Peck Seah Street,0A3AC604F6E09AC9,2.02101E+13,,
103.8447824,1.320030046,"Oasia Hotel Novena, Singapore",,frontofc.ohs@fareast.com.sg,307470,Karamjit Kaur,428,8 Sinaran Drive,80CA87F8734D9CC5,2.02101E+13,,
103.8195576,1.253293658,Oasia Resort Sentosa,,,98679,KHOO WEI KWAN JIM,191,"23 BEACH VIEW LE MERIDIEN SINGAPORE, SENTOSA",601E97AE26933072,2.02101E+13,,
103.8538422,1.312756675,One Farrer Hotel,,,217562,Gilbert Madhavan,249,1 Farrer Park Station Road,F37D68990972A74D,2.02101E+13,,
103.8277394,1.306575163,"Orchard Rendezvous Hotel, Singapore",,info@orh.com.sg,247905,Wong Siew Ling,388,1 Tanglin Road,A28ECA9D723C57F9,2.02101E+13,,
103.8438472,1.27693674,Orchid Hotel,,resv@orchidhotel.com.sg,78867,Chng Beng Siong,272,1 Tras Link,1FE534AAAEAA2E17,2.02101E+13,,
103.8518201,1.298010573,Oxford Hotel,,reservation@oxfordhotel.com.sg,188549,Mohamed Rafi Bin Hasan,134,218 Queen Street,A973ACA1E3287E37,2.02101E+13,,
103.8602329,1.299433961,Pan Pacific Serviced Suites Beach Road,,,199592,Choong Nyuk Fee,180,7500B Beach Road,9E6BED1EEB59E7B4,2.02101E+13,,
103.8511866,1.303591937,Parc Sovereign Hotel,,contact@parcsovereign.com,189970,Tan Thuang Wee,172,175 Albert Street,63F02AB52A0E0DF3,2.02101E+13,,
103.8606338,1.312317098,Parc Sovereign Hotel - Tyrwhitt,,contact@parcsovereign.com,207569,Sun Yi,270,165 Tyrwhitt Road,9E4DECE8407A49E7,2.02101E+13,,
103.963024,1.335764056,Park Avenue Changi,,serenetan@uel.sg,486015,Sun Li Jing @ Ryan Sun,251,2 Changi Business Park Avenue 1,ABC57C3E84046AB9,2.02101E+13,,
103.7883474,1.305351204,Park Avenue Rochester,,serenetan@uel.sg,138637,Sun Li Jing @ Ryan Sun,351,31 Rochester Drive,762D0E2D78AB7F0D,2.02101E+13,,
103.8053701,1.287579945,Park Hotel Alexandra,,info.phal@parkhotelgroup.com,159972,Ng Sock Heng,442,323 Alexandra Road Alexandra Central,54DE4BD65056A933,2.02101E+13,,
103.8423274,1.291545963,Park Hotel Clarke Quay,,info.phcq@parkhotelgroup.com,237983,Lim Kang Ling,340,1 Unity Street,E2C9B43EDDCF4E36,2.02101E+13,,
103.8547482,1.311980971,PARK HOTEL FARRER PARK,,,217564,Yong Guan Chuan,300,10 FARRER PARK STATION ROAD FARRER SQUARE,EB1C5A786B4D0016,2.02101E+13,,
103.8444433,1.288083551,Park Regis Singapore,,gmprsi@parkregissingapore.com,58268,Lim Soon Hwee,202,23 Merchant Road,604959AAFF008FEF,2.02101E+13,,
103.856494,1.297206016,Park View Hotel,,parkview@parkview.com.sg,189692,Lim Min Wee Ernest,88,81 Beach Road,150AA2256C64E3CF,2.02101E+13,,
103.8570073,1.291455259,"PARKROYAL COLLECTION  Marina Bay, Singapore",,,39594,Lim Wen Pin Melvin,575,6 RAFFLES BOULEVARD MARINA SQUARE,ADBAF9D2FB98EAF8,2.02101E+13,,
103.8556574,1.310530243,PARKROYAL on Kitchener Road,,enquiry@kr.parkroyalhotels.com,208533,CHUNG KUM SENG,532,181 Kitchener Road,268232B7F53B2ACD,2.02101E+13,,
103.7701676,1.292078335,Pasir Panjang Inn,,ppinn@pacific.net.sg,118741,Ang Poh Seow,54,404 Pasir Panjang Road,ACE2FE4B779F9B6F,2.02101E+13,,
103.8535974,1.31119378,Penta Hotel,,booking@pentahotel.com.sg,219894,Lim Hwee Meang Rachel,48,33 Birch Road,1CBC78FFEACAD597,2.02101E+13,,
103.8532127,1.304777354,Perak Hotel,,perlodge@singnet.com.sg,208133,Tong Kok Chiang,32,12 Perak Road,BBB3B691A6BEE9E0,2.02101E+13,,
103.8602089,1.311909149,Pine Hostel @ Lavender,,pinehostelsg@gmail.com,207566,"TAN KEE CHONG, DERRICK",7,153A TYRWHITT ROAD QINAN BUILDING,89CA0A7A79FC29C9,2.02101E+13,,
103.855723,1.296781788,Populous Hotel,,info@populoushotel.com,188933,Silvi,80,23 MIDDLE ROAD,C90C0045451F7566,2.02101E+13,,
103.8442855,1.284239777,Porcelain Hotel,,enquiry@porcelainhotel.com,59526,Hu Yingna,138,48 Mosque Street,6007287F12F8B23D,2.02101E+13,,
103.8525197,1.320051865,Quality Hotel Marlow,,dm@qualityhotelmarlow.com.sg,329926,ONG CHIEW SENG KELLVIN,240,201 Balestier Road,024A3E93AA27A3C7,2.02101E+13,,
103.8810366,1.311225584,RedDoorz @ Geylang,,,397662,Amit Saberwal,33,61 WESTERHOUT ROAD,9DED7DB90451ECFB,2.02101E+13,,
103.8540599,1.305088795,RedDoorz Plus @ Little India,,,209507,AMIT SABERWAL,80,"23 DICKSON ROAD, # 1-01-01 MOON 23 HOTEL",97163266745A72F5,2.02101E+13,,
103.8260319,1.312838611,RELC International Hotel,,,258352,FRANCIS CHOO KOH ENG,151,30 ORANGE GROVE ROAD RELC BUILDING,22877550BD395886,2.02101E+13,,
103.8493161,1.298583035,Rendezvous Hotel Singapore,,reseasy@fareast.com.sg,189559,Douglas Fernandez,298,9 Bras Basah Road,76A6E9EF9D75EAA7,2.02101E+13,,
103.8594291,1.304053347,Rest Bugis Hotel,,,199207,Adrian Siow Shen Ngin,74,8 JALAN KUBOR SANTA GRAND HOTEL BUGIS,F7A9ECA7E9C5B114,2.02101E+13,,
103.8471127,1.287413312,River City Inn,,rivercityinn.sg@gmail.com,59672,Loke Weng Yian,4,33C Hongkong Street,507C99092AECCB4C,2.02101E+13,,
103.6350898,1.341588,RM Hotel,,recept@rafflesmarina.com.sg,638404,Parry Raymond John,19,10 Tuas West Drive,E4AF163C69E28926,2.02101E+13,,
103.841986,1.291168199,Robertson Quay Hotel,,accounts@robertsonquayhotel.com.sg,239032,Ng Swee Huat,148,15 Merbau Road,790DB71B2EA818E3,2.02101E+13,,
103.8556725,1.309228872,Royal India Hotel,,sales@royalindiahotel.com,207667,Ee Kee Chai,43,"88 Syed Alwi Road , # 01-02",7C0288ACB8780567,2.02101E+13,,
103.8314458,1.307089318,Royal Plaza,,royal@royalplaza.com.sg,228220,Patrick Fiat,511,25 Scotts Road,05B26C8FAD051389,2.02101E+13,,
103.8473219,1.287322339,S Inn Clarke Quay,,cq@s-inn.co,59677,LI XIAOJIA,11,38A Hongkong Street,F9167CB6F06F8117,2.02101E+13,,
103.8535958,1.304809312,Sandpiper Hotel,,reservations@sandpiperhotels.com,209391,Pankaj Pandit,31,63 Dunlop Street,21836099F65FD737,2.02101E+13,,
103.9057955,1.306723199,Santa Grand Hotel East Coast,,reservations@santagrand.stayariva.com,428877,Siah Siew Geok,73,171 East Coast Road,11B3D1D294E34E55,2.02101E+13,,
103.8824118,1.312317583,Seng Wah Hotel,,sengwahhotel@hotmail.com,398673,Han Siew Ying,16,15 Lorong 22 Geylang,54E34679A8F2E0C5,2.02101E+13,,
103.8267568,1.311247403,Shangri-La Hotel,,sls@shangri-la.com,258350,Kuok Oon Kwong,792,22 Orange Grove Road,468EE28FE511CD7C,2.02101E+13,,
103.8097979,1.257802055,"Shangri-La's Rasa Sentosa Resort & Spa, Singapore",,sen@shangri-la.com,98970,Kuok Oon Kwong,454,101 Siloso Road Sentosa,BB45D010408A18CB,2.02101E+13,,
103.8364622,1.31195053,Sheraton Towers Singapore Hotel,,sheraton.towers.singapore@sheraton.com,228230,Long Sie Fong,420,39 Scotts Road,F8CB983B3D469C43,2.02101E+13,,
103.8206442,1.252917309,THE BARRACKS HOTEL SENTOSA,,,99567,Jim Khoo Wei Kwan,40,2 GUNNER LANE,414D012CC57A8063,2.02101E+13,,
103.8914524,1.300761292,Sing Hoe Hotel,,,437761,ong kum fatt,41,759 Mountbatten Road,98570114497D82A1,2.02101E+13,,
103.8328741,1.305022305,Singapore Marriott Tang Plaza Hotel,,,238865,Alvin Lim Yue Ping (Lin Youbin),403,320 Orchard Road,44DC3BCF439057DC,2.02101E+13,,
103.8607293,1.31141627,Singapore OSS Backpackers Hostel Pte Ltd,,sossbackpackers@gmail.com,209180,RAJENDRA PRASAD S/O N N SRINIVASA NAIDU,9,"9 HAMILTON ROAD, # 01-01",0282C860E0028697,2.02101E+13,,
103.8496548,1.279921962,SO Sofitel Singapore,,H8655@sofitel.com,68876,Mazen Abil Mona,134,35 Robinson Road,D76D599B9B392E63,2.02101E+13,,
103.8450701,1.276905157,Sofitel Singapore City Centre,,,78885,Wouter Frank De Graaf,223,9 WALLICH STREET,877335F1F7B222E5,2.02101E+13,,
103.8274924,1.245797086,Sofitel Singapore Sentosa Resort & Spa,,h9474@sofitel.com,99891,PIOTR JAN KUPIEC,215,2 Bukit Manis Road,8ED426B6591D6CD4,2.02101E+13,,
103.8565698,1.297303372,ST Signature Bugis Beach,,,189694,"Goh Shen Shu, Donovan",38,85 BEACH ROAD 85 BEACH GARDEN HOTEL,DB99D87A121B6006,2.02101E+13,,
103.8442506,1.278658074,ST Signature Tanjong Pagar,,,78972,"SEAH HUI XIAN, JOANNE",92,32 TRAS STREET,AA44DCA443FC414B,2.02101E+13,,
103.8497386,1.298652759,Strand Hotel,,reservations@strandhotel.com.sg,189619,Ang Beng Hoh,130,25 Bencoolen Street,4CBD6C0C45A2C220,2.02101E+13,,
103.8390762,1.290777541,Studio M Hotel,,enquiry.smh@millenniumhotels.com,238910,Othmane Amrani,360,3 Nanson Road,F03EF56B7402C41A,2.02101E+13,,
103.8522375,1.301659384,Summer View Hotel,,sales@summerviewhotel.com.sg,189642,Lim Chin Sen,86,173  Bencoolen Street,CD59DA00B214CF3B,2.02101E+13,,
103.8456923,1.288218024,"Swissotel Merchant Court,Singapore",,singapore-merchantcourt@swissotel.com,58281,Rainer Tenius,476,20 Merchant Road,E95540E066605ABF,2.02101E+13,,
103.8533652,1.293268623,"Swissotel The Stamford, Singapore",,singapore-stamford@swissotel.com,178882,Marcus Moris Hanna,1252,2 Stamford Road,274A090AC4E4760E,2.02101E+13,,
103.856565,1.310265972,Tai Hoe Hotel,,gmgthh@gmail.om,208538,Yee Loy Hoe,73,163 Kitchener Road,66D062ACD78032C6,2.02101E+13,,
103.8770816,1.309922609,Taipei Hotel (2000),,,399120,Tay Tiong Ying,38,60 Lorong 8 Geylang,4BA3F667FAB50100,2.02101E+13,,
103.8791756,1.31219356,The Amazing Inn,,sengwahhotel@hotmail.com,398913,Han Siew Ying,18,1 Lorong 14 Geylang,88CC31FCB51FF28E,2.02101E+13,,
103.8482745,1.282661066,The Clan Hotel,,,48417,CHRISTINA WENDY LEE,324,10 CROSS STREET,67A44488A8BB85B6,2.02101E+13,,
103.852855,1.304751262,The Daulat,,reservation@thedaulat.com,208413,Shaik Mohamed S/O Mohamed Abdul Jaleel,16,16 Madras Street,45265B49626D01D9,2.02101E+13,,
103.8357123,1.308024117,The Elizabeth,,info@theelizabeth.com.sg,228518,Mohamed Faharudin Bin Masood,256,24 Mount Elizabeth,8285E273B7F99A45,2.02101E+13,,
103.8534802,1.28396667,The Fullerton Bay Hotel,,fbh.info@fullertonhotels.com,49326,Giovanni Viterale,98,80 Collyer Quay,2745F9F5912EC8B9,2.02101E+13,,
103.8529704,1.286193236,The Fullerton Hotel,,tfs.info@fullertonhotels.com,49178,Giovanni Viterale,399,1 Fullerton Square,7604490E359CB43E,2.02101E+13,,
103.85301,1.304935951,THE GREAT MADRAS,,zubair@dam.com.sg,208422,SHAIK MOHAMED S/O MOHAMED ABDUL JALEEL,29,28 MADRAS STREET,ACD183F8850757BA,2.02101E+13,,
103.8587863,1.315716644,The Hive Singapore Hostel,,,218223,YAN TONGJI,13,624 SERANGOON ROAD THE HIVE,915876CC5A5C1A96,2.02101E+13,,
103.8438685,1.283206608,The Inn at Temple Street,,rsvn.room@theinn.com.sg,58581,Kho Chuan Thye Patrick,42,36 Temple Street,DB87DFC691F6C004,2.02101E+13,,
103.8199434,1.252259515,The Outpost Hotel Sentosa,,,99951,JIM KHOO WEI KWAN,193,"10 ARTILLERY AVENUE, # 03-01",3ACCB44270106170,2.02101E+13,,
103.8483129,1.287055076,THE QUAY HOTEL,,,58688,"Heng Chern Chieh, Germaine",41,57 SOUTH BRIDGE ROAD SANTA GRAND HOTEL BOAT QUAY,8F1A6E60C344BF35,2.02101E+13,,
103.8611858,1.312344701,The Quay Hotel Lavender,,,338739,Heng Chern Chieh Germaine,102,139 LAVENDER STREET AQUEEN HOTEL - LAVENDER,C500B925DFFB1C49,2.02101E+13,,
103.8596995,1.313224319,Kam Leng Hotel,,reservations@kamleng.com,209001,Hu Yingna,70,383 Jalan Besar,90F5301BD31E81DD,2.02101E+13,,
103.8415424,1.280619224,KeSa House,,,89158,Manchharam Ashish,60,"55 KEONG SAIK ROAD, # 01-02",FD57F84B8A87C940,2.02101E+13,,
103.8762403,1.311435535,Kim Tian (Star) Hotel,,,399166,Steven Han How Chye,43,4 Lorong 6 Geylang,108A3FBC4F850C72,2.02101E+13,,
103.8778029,1.311264611,La Mode (Sophia),,,399050,Teng Ai Fong,35,17 Lorong 10 Geylang,DAC543AEA585EF1C,2.02101E+13,,
103.8831306,1.313019092,Lai Ming Hotel,,otl@laiming.com.sg,389396,Ong Tong Liang,15,432  Geylang Road,D8439240641E1543,2.02101E+13,,
103.8828778,1.312852429,Lai Ming Hotel Cosmoland,,otl@laiminghotel.com.sg,389395,Ong Tong Liang,54,424 Geylang Road,65C3A99FF5F30E2F,2.02101E+13,,
103.8771644,1.311810537,LEX HOTEL (LORONG 8),,,399073,PANG CHIN FATT,41,1 LORONG 8 GEYLANG,AE0C6660884D2FC4,2.02101E+13,,
103.8342907,1.284872386,Link Hotel,,info@linkhotel.com.sg,168733,Dong Hankun,274,50 Tiong Bahru Road,DB8D4F17741BF058,2.02101E+13,,
103.8403659,1.29726358,Lloyd's Inn,,mail@lloydsinn.com,239091,"CHANG YI WEN, JOAN",34,2 Lloyd Road,2C4F2C1B0F9C696C,2.02101E+13,,
103.8802018,1.311522373,Lodge 41,,,398877,Yong Chung Yung,22,41 Lorong 16 Geylang,C7F5DB12BA986119,2.02101E+13,,
103.8494586,1.291575961,lyf Funan Singapore,,,179370,Cross Norman Francis,329,67 HILL STREET,7C29A0FEB41A1905,2.02101E+13,,
103.8372209,1.290866993,M Social Singapore,,,238259,Othmane AMRANI,293,90 Robertson Quay,72424155F1FBBF08,2.02101E+13,,
103.836341,1.302064505,Mandarin Orchard Singapore,,orchard@meritushotels.com,238867,Danny Wong Hee Ling,1077,333 Orchard Road,7FB2435245CD216A,2.02101E+13,,
103.8773973,1.310674286,K Hotel 8,,,399099,CAI WENCHAO,27,37 LORONG 8 GEYLANG,79215385E3D73497,2.02101E+13,,
103.8476723,1.287093591,Hotel Bencoolen @ Hong Kong Street,,reservation.hkst@hotelbencoolen.com,59685,Herman Gay Teow Hua,33,47 Hongkong Street,ABEA22C7B13DD65E,2.02101E+13,,
103.8602667,1.305713227,Hotel Boss,,contact@hotelboss.sg,199020,Goh Kok Keong,1500,500 Jalan Sultan,9EB09D9E82C19F56,2.02101E+13,,
103.8567244,1.297509969,Hotel Calmo Bugis,,,189699,CAI WENCHAO,33,95 BEACH ROAD,2F395CEF60C76569,2.02101E+13,,
103.8419319,1.301459858,Hotel Chancellor @ Orchard,,reservations@ghihotels.com.sg,229635,TAN HWA LIAN,488,28 Cavenagh Road,A82074A054106328,2.02101E+13,,
103.8617293,1.302012807,Hotel Clover 33 Jalan Sultan,,enquiries@hotelclover.com,198965,Zhang YuanQing,88,33 Jalan Sultan,CFA7AC672B10EDEC,2.02101E+13,,
103.8478409,1.287431382,Hotel Clover 5 Hongkong Street,,enquiries@hotelclover5hongkongstreet.com,59648,Teo Kok Hwee,55,5 Hongkong Street,9DC21F773915C40A,2.02101E+13,,
103.8477117,1.287464049,Hotel Clover 7 Hongkong Street,,enquiries@hotelclover.com,59650,Teo Kok Hwee,27,7 HONGKONG STREET,6E91038E536D2FE7,2.02101E+13,,
103.8481413,1.287541639,Hotel Clover The Arts,,,58689,Ang Kian Kok,44,58 South Bridge Road,9862AB3996CE343A,2.02101E+13,,
103.8453621,1.295812664,Hotel Fort Canning,,contact@hfcsingapore.com,178881,Oh Chee Eng,86,11 Canning Walk,03AB1DCDDF5A751F,2.02101E+13,,
103.8826762,1.311705709,Hotel Fuji,,hotelfuji.pl@gmail.com,399541,Ho Siew Hwa,30,22 Jalan Molek,AAEA72E3334FE227,2.02101E+13,,
103.8515065,1.30091639,Hotel G Singapore,,gm@hotelgsingapore.com,188980,Guillaume Jean-Marc Laurent Places,308,200 MIDDLE ROAD BIG HOTEL,30B395B721E9B6E1,2.02101E+13,,
103.8417675,1.301294672,Hotel Grand Central,,accommodations@grandcentral.com.sg,229617,Tan Hwa Lian,263,22 Cavenagh Road,ED92F6ECB9D7B21F,2.02101E+13,,
103.8522283,1.297555058,Hotel Grand Pacific,,accounts@hotelgrandpacific.com.sg,188018,Wee Cheng Lim,240,101 Victoria Street,B36B172E43BA4872,2.02101E+13,,
103.9042985,1.305116581,Hotel Indigo Singapore Katong,,,428788,Adel Aramouni,131,"86 EAST COAST ROAD, # 01-01 KATONG SQUARE",F5982FEE6CB33200,2.02101E+13,,
103.8554053,1.296521789,Hotel Kai,,hst@hotelkai.com,188593,Tan Hui See,32,14 Purvis Street,7B30DFF3E64F94C0,2.02101E+13,,
103.8500205,1.298985823,Hotel Mi,,contact@hotelmi.sg,189623,Kusaka Masaharu,342,"41 BENCOOLEN STREET, # 01-01",AC77950686B7C716,2.02101E+13,,
103.8444513,1.283790451,Hotel Mono,,,59498,"QUAH TZE WEN, GLENN",46,"18 MOSQUE STREET, # 01-04",496E8371F0378CCE,2.02101E+13,,
103.8582753,1.302751408,Hotel Nuve,,contact@hotelnuve.com,199143,Soh Shil Nie,43,11 Jalan Pinang,B7AB95BFB22C3559,2.02101E+13,,
103.8474854,1.287234755,Hotel NuVe Elements,,doreen.soh@hotelnuveheritage.com,59680,"SOH SHIL FANG, DOREEN",24,41 HONGKONG STREET,29A39A158058CF62,2.02101E+13,,
103.8553424,1.296514048,Hotel NuVe Heritage,,,188592,SOH SHIL NIE,19,13 PURVIS STREET ADONIS HOTEL,5E4A09C945D05AC9,2.02101E+13,,
103.8588051,1.307320889,Hotel NuVe Urbane,,,208582,Soh Shil Fang Doreen,62,3 KING GEORGE'S AVENUE,2D4A2D8B64B10A04,2.02101E+13,,
103.8384073,1.285410025,Hotel Re! @ Pearl's Hill,,hr@hotelre.com.sg,169879,Tan Kwee Hiang,140,175A Chin Swee Road,70403A731948BA47,2.02101E+13,,
103.8418595,1.316830601,Hotel Royal,,royal@hotelroyal.com.sg,307964,Lee Chou Hock,362,36 Newton Road,3EA4D0490223DC32,2.02101E+13,,
103.8521331,1.297526257,Hotel Royal @ Queens,,info@royalqueens.com.sg,188553,Lee Si Min,231,12 Queen Street,DD88D65E669C525D,2.02101E+13,,
103.8419918,1.280377916,Hotel Soloha,,,88387,Hu Yaocheng,45,12 TECK LIM ROAD,9DBEF7F791FE0CC8,2.02101E+13,,
103.8424247,1.301339358,Hotel Supreme,,,228750,Ang Poh Seow,86,15 Kramat Road,C198C339B5A67E14,2.02101E+13,,
103.8551088,1.309813551,Hotel Yan,,reservations@hotel-yan.com,207681,Lim Kah Eng,69,162 Tyrwhitt Road,079B039AEDFA3B46,2.02101E+13,,
103.8875841,1.313964503,Hup Hoe Hotel,,,389525,Tan Tong Wah,10,586A Geylang Road,D2B28085C296E5E0,2.02101E+13,,
103.8555562,1.296920818,ibis budget Singapore Bugis,,contact@fragrancehotel.com,188942,Tan Thuang Wee,84,33 Middle Road,88B24860086EF704,2.02101E+13,,
103.8471464,1.287895946,ibis budget Singapore Clarke Quay,,contact@fragrancehotel.com,59663,Tan Thuang Wee,101,20 Hongkong Street,484A83EA6AB7C110,2.02101E+13,,
103.8805895,1.310574976,ibis budget Singapore Crystal,,contact@fragrancehotel.com,398824,GAN KUAN YEW,125,50 Lorong 18 Geylang,6AA223E6177E038D,2.02101E+13,,
103.8763417,1.311009878,ibis budget Singapore Emerald,,contact@fragrancehotel.com,399174,Gan Kuan Yew,126,20 Lorong 6 Geylang,91DAF06E228672DC,2.02101E+13,,
103.8624254,1.309635978,ibis budget Singapore Imperial,,contact@fragrancehotel.com,208187,Sun Yi,74,28 Penhas Road,F9DCAA8E0FF53F30,2.02101E+13,,
103.813875,1.269706765,ibis budget Singapore Mount Faber,,contact@fragrancehotel.com,98838,Sun Yi,32,400 Telok Blangah Road,63EA28232CBF6295,2.02101E+13,,
103.8792892,1.311560559,ibis budget Singapore Pearl,,contact@fragrancehotel.com,398961,GAN KUAN YEW,129,21 Lorong 14 Geylang,298ADD99D17D9CBA,2.02101E+13,,
103.8810971,1.312238078,ibis budget Singapore Ruby,,contact@fragrancehotel.com,398730,Gan Kuan yew,168,10 Lorong 20 Geylang,DDDC8B366E3CAF0A,2.02101E+13,,
103.8777694,1.311757547,ibis budget Singapore Sapphire,,contact@fragrancehotel.com,399037,GAN KUAN YEW,50,3 Lorong 10 Geylang,C81A404066009054,2.02101E+13,,
103.8499489,1.303765277,ibis budget Singapore Selegie,,contact@fragrancehotel.com,188329,Tan Thuang Wee,95,183 Selegie Road,E202BBE79158BF24,2.02101E+13,,
103.7688883,1.292208925,ibis budget Singapore West Coast,,contact@fragrancehotel.com,118759,Sun Yi,57,418 Pasir Panjang Road,0D3FCE03B884E7AA,2.02101E+13,,
103.8455451,1.326147854,Ibis Singapore Novena,,,329543,Lui Cheng Yan Josephine,241,6 Irrawaddy Road,D0FE7701947F4ADF,2.02101E+13,,
103.8792945,1.331770535,ibis Styles Singapore on Macpherson,,H9411@accor.com,368125,Rolfe Shamila,298,401 Macpherson Road,EC9428511F71C37B,2.02101E+13,,
103.854867,1.298469626,InterContinental Singapore,,singapore@interconti.com,188966,Andreas Kraemer,403,80 Middle Road,2A3A1F6BDD686CD9,2.02101E+13,,
103.8385517,1.289841023,InterContinental Singapore Robertson Quay,,info.sinic@ihg.com,238909,Tania Krassimirova Getzova,225,1 NANSON ROAD,B7C8F6B53B111D38,2.02101E+13,,
103.8459241,1.28298235,iStay.inn,,info@istayinn.com.sg,58764,Lim So Geok,18,215A South Bridge Road,83F4C4AB0AD7E599,2.02101E+13,,
103.8585205,1.307697557,J8 Hotel,,hq@j8hotel.com,207606,Joseph Lee Boon Leng,98,8 Townshend Road,15783D1CB558B0A1,2.02101E+13,,
103.8827759,1.311711832,Jade Hotel,,eddyswee2017@gmail.com,399535,Suey Hueh King,36,18 Jalan Molek,74D42465590C16D6,2.02101E+13,,
103.8479327,1.287787175,Jayleen 1918 Hotel,,james@jayleen1918.com.sg,59921,James Frederick Chong Kah Yean,40,42 Carpenter Street,2816145A466EAFA7,2.02101E+13,,
103.861715,1.310331779,Traveller@sg,,,208559,Yan Tongji,7,111H King George's Avenue,F0F5D2803F532FD8,2.02101E+13,,
103.8478559,1.288347288,Hotel Conforto,,main@conforto.com.sg,59905,Ng Wee Meng,22,16 Carpenter Street,3D9C9954B7D4AA57,2.02101E+13,,
103.8374149,1.288219895,Hotel Miramar Singapore,,enquiry@miramar.com.sg,169631,Lim Kian Tiong,342,401 Havelock Road,64350D712DE76EB3,2.02101E+13,,
103.8618214,1.310879246,Hotel Snow Lavender,,hotelsnow.lavender@gmail.com,209854,Ngiam Seng Ngiap,32,26 CAVAN ROAD HOTEL SNOW,7A21C3F177455E1C,2.02101E+13,,
103.8600473,1.290718303,"The Ritz-Carlton, Millenia Singapore",,sinrz.leads@ritzcarlton.com,39799,Peter William Mainguy,608,7 Raffles Avenue,5AC82CBBCC45350F,2.02101E+13,,
103.8453995,1.280826336,The Scarlet Hotel,,reservations@thescarlethotels.com,69333,Anasri Bin T Onn,80,33 Erskine Road,2655350159F92B0A,2.02101E+13,,
103.8398431,1.28771627,The Seacare Hotel,,reservations@theseacarehotel.com.sg,169875,Choo Sin How,103,52 Chin Swee Road,52CE0FD2072988CD,2.02101E+13,,
103.8456568,1.28341894,The Southbridge Hotel,,admin@southbridge.com,58759,"Leong Mun Choy, Bernard",47,210 South Bridge Road,BBB01783A55F18E5,2.02101E+13,,
103.8609759,1.303165987,The Sultan,,info@thesultan.com.sg,199002,Ong Shu Xian Charmaine,60,101 Jalan Sultan,BFB7ECAF785EECF4,2.02101E+13,,
103.8584017,1.306890595,The Vagabond Club,,accounts@garchahotels.com,207630,Harpreet Kaur Bedi,41,39 Syed Alwi Road,CE5B3EE1018C698B,2.02101E+13,,
103.8507952,1.278307291,The Westin Singapore,,westin.singapore@westin.com,18961,Kuljit Singh Sarjit Singh,305,12 Marina View   Asia Square Tower 2,9970EFDF76A09B0E,2.02101E+13,,
103.8824587,1.31205759,Kim Tian Hotel,,,398678,Steven Han How Chye,47,21 Lorong 22 Geylang,CFBF74093BAC96B4,2.02101E+13,,
103.8762029,1.310160697,Kim Tian Hotel (Han),,,399281,Steven Han How Chye,48,29 Lorong 4 Geylang,5286CCA6CD77626E,2.02101E+13,,
103.8600702,1.299453737,"PARKROYAL on Beach Road, Singapore",,enquiry@parkroyalhotels.com,199591,CAMPILLO ANGELITO PAOLO LACSON,346,7500A Beach Road The Plaza,4924DB8DA0266F16,2.02101E+13,,
103.94705,1.331601069,Q Loft Hotels@Bedok,,mgtqloft@gmail.com,469546,TAN TIAN MEI,12,"357A BEDOK ROAD, # 1-",D659C4A4FD803828,2.02101E+13,,
103.8497987,1.304378338,Q Loft Hotels@Mackenzie,,,228677,Tan Tian Mei,40,15 Mackenzie Road,F4F09F30F0E3544F,2.02101E+13,,
103.8540683,1.295097403,Raffles Hotel Singapore,,singapore@raffles.com,189673,Christian Westbeld,115,1 Beach Road,8788A5F4CB8744EF,2.02101E+13,,
103.8463743,1.327108132,Ramada Singapore at Zhongshan Park,,info@ramadasingapore.com,329983,Tony John Cousens,382,16 Ah Hood Road,19755CEBC868778A,2.02101E+13,,
103.8818619,1.311166454,Reddoorz @ Aljunied,,,398691,AMIT SABERWAL,42,34 LORONG 22 GEYLANG LEMON GRASS HOTEL,003525F687D38DDA,2.02101E+13,,
103.8597759,1.313796804,The Noble Hotel,,,209012,Tay Hongwei Alinilson,30,407 JALAN BESAR THE NOBLE HOTEL,121557C245EE5600,2.02101E+13,,
103.8605464,1.301052289,The Pod,,info@thepodcapsulehotel.sg,199552,Steven Lee Ngiap Hui,15,"289 Beach Road  , # 03-01",4C641C6587C8C398,2.02101E+13,,
103.8540228,1.304739158,Snooze Inn @ Dunlop Street,,,209356,Tsai Shi Shyuan,15,28 DUNLOP STREET KAWAN HOSTEL,0E17FCCF246EDBE6,2.02101E+13,,
103.8537236,1.30536817,Snooze Inn Pte Ltd,,,209518,TSAI SHI SHYUAN,23,43 DICKSON ROAD PHIL INN,F0FF75DCB0A99F58,2.02101E+13,,
103.8531353,1.301086786,South East Asia Hotel,,seahotel@singnet.com.sg,187965,Huang Wen Hwa,51,190 Waterloo Street,79F31324BCC1C495,2.02101E+13,,
103.861715,1.310331779,Spacepod@Lavender,,booking@bpsg.com.sg,208559,Bian Haiqiu,8,111J King George's Avenue,F0F5D28062C8D0BD,2.02101E+13,,
103.8772777,1.311191164,Hotel 81 - Orchid,,hotel81@hotel81.com.sg,399090,Chu Poh Yong,182,21 Lorong 8 Geylang,2D61777F80DEAC1D,2.02101E+13,,
103.8349667,1.283364841,Hotel 81 - Osaka,,hotel81@hotel81.com.sg,169753,Chu Poh Yong,74,1 Eng Hoon Street,44F052ED4506294E,2.02101E+13,,
103.8786323,1.310988934,Hotel 81 - Princess,,hotel81@hotel81.com.sg,399001,Chu Poh Yong,133,21 Lorong 12 Geylang,914BC2568D8E2EE1,2.02101E+13,,
103.8539834,1.303754241,Hotel 81 - Rochor,,hotel81@hotel81.com.sg,208785,Chu Poh Yong,87,5 Jalan Besar,5490849D7416D335,2.02101E+13,,
103.900511,1.312291799,Hotel 81 - Sakura,,hotel81@hotel81.com.sg,427452,Chu Poh Yong,75,181 Joo Chiat Road,6C8B59EEC7DC4C3C,2.02101E+13,,
103.8498841,1.303284405,Hotel 81 - Selegie,,hotel81@hotel81.com.sg,188318,Chu Poh Yong,81,161 Selegie Road,F2B7F837998E434F,2.02101E+13,,
103.8782701,1.313682757,Hotel 81 - Spring,,hotel81@hotel81.com.sg,388619,Chu Poh Yong,32,22 Lorong 15 Geylang,F97BF4D688D2B64F,2.02101E+13,,
103.8808605,1.311606005,Hotel 81 - Star,,hotel81@hotel81.com.sg,398828,Chu Poh Yong,207,31 Lorong 18 Geylang,A904805F1B766828,2.02101E+13,,
103.8974205,1.31568837,Hotel 81 - Tristar,,hotel81@hotel81.com.sg,424780,Chu Poh Yong,116,1 Onan Road,64E0BD023BAB5C2C,2.02101E+13,,
103.8621641,1.31106785,Hotel 81 - Violet,,hotel81@hotel81.com.sg,338722,Chu Poh Yong,49,97 Lavender Street,14CB66640F998417,2.02101E+13,,
103.8475026,1.28871525,Jayleen Clarke Quay Hotel,,jayleenclarkequay@gmail.com,59390,James Federick Chong Kah Yean,20,25 New Bridge Road,FB331A5207372FF2,2.02101E+13,,
103.8438996,1.282859323,Hotel 1888,,justin.wong@hotel1888.com.sg,58479,Adrian Siow Shen Ngin,40,"20 TRENGGANU STREET, # 01-03 JINSHAN HOTEL",0D678930AD97FD68,2.02101E+13,,
103.8529652,1.304484159,Adamson Lodge,,query_chris@yahoo.com.sg,208127,Lee Choon Chuan,7,6 Perak Road,FE502164CC10A45A,2.02101E+13,,
103.8580276,1.309290855,AQUEEN Hotel - Kitchener,,,208906,Chan Boon Tat,74,230 Jalan Besar,CC35ED728A01C109,2.02101E+13,,
103.8589044,1.310646242,BEAT. Sports Hostel,,sports@beathostel.co,208953,JEREMY TEO,13,290A Jalan Besar,FEA8E458DDD06100,2.02101E+13,,
103.8525189,1.295926443,Carlton Hotel,,mail@carltonhotel.sg,189558,Darren Leroy Ware,940,76 Bras Basah Road,2D7EFA59EE55019B,2.02101E+13,,
103.8550888,1.295898461,Heritage Collection on Seah,,,188395,Yap Hui Wen,18,39 SEAH STREET,12DFF9CFA020793F,2.02101E+13,,
103.8977173,1.315642772,HOTEL CLASSIC,,classic@venuehotel.sg,427353,CHU POH YONG,75,12 JOO CHIAT ROAD,BB709C85BCD492E7,2.02107E+13,,
103.8450602,1.273687769,M Hotel Singapore,,enquiry.mhs@millenniumhotels.com,79908,Kung Teong Wah,415,81 Anson Road,3FF220A6AA487B77,2.02107E+13,,
103.8452757,1.2818425,ST Signature Chinatown,,xinfang.ng@straitsorg.com,58822,Goh Keng Hong,25,273A SOUTH BRIDGE ROAD,C7D8D661D1477050,2.02107E+13,,
103.8473659,1.326977701,Days Hotel Singapore At Zhongshan Park,,info@dayshotelsingapore.com,329133,Tony John Cousens,405,1 Jalan Rajah,C56F326E58E1F03C,2.02101E+13,,
103.8909244,1.315024614,Four Chain View Hotel,,fchain@fourchain.com.sg,389659,Ng Ah Hoi,44,757 Geylang Road,D0D43E25D65EDFE9,2.02101E+13,,
103.8507632,1.298943856,V Hotel Bencoolen,,vhotel@vhotel.sg,189627,Ng Lip Sek,272,48 Bencoolen Street,6C886F3147D18975,2.02101E+13,,
103.8623517,1.31075782,Hotel 81 - Lavender,,hotel81@hotel81.com.sg,338716,Chu Poh Yong,85,85 Lavender Street,0B72CAA8BAA6C2C6,2.02101E+13,,
103.8478257,1.326331879,Balestier Hotel,,balestier_hotel@yahoo.com,329842,Chia Kwee Beng,42,471 Balestier Road,FDA67B664B69CB8C,2.02101E+13,,
103.8530831,1.299636543,Mercure Singapore Bugis,,,188973,"Wong Weng Fatt, Philip",395,122 MIDDLE ROAD MIDLINK PLAZA,4FE69DFC3D1763AE,2.02101E+13,,
103.8383448,1.24659858,ONE15 Marina Club,,frontdesk@one15marina.com,98497,Tay Teng Hock,26,11 Cove Drive,19932DA26F51B77E,2.02101E+13,,
103.8498204,1.29194592,Peninsula.Excelsior Hotel,,enquiries@ytchotels.com.sg,179805,Wong Liang Tong,591,5 Coleman Street,BF8C3F5997C76A8B,2.02101E+13,,
103.8499166,1.325225974,RedDoorz Premium @ Balestier,,,329795,Amit Saberwal,46,387 BALESTIER ROAD,96A6381EC4EA7B79,2.02101E+13,,
103.8435952,1.283309044,S Inn Chinatown,,ct@s-inn.co,58597,Li Xiaojia,13,52 Temple Street,C3B347304CF704CC,2.02101E+13,,
103.8145004,1.254987282,Siloso Beach Resort,,accounts@silosobeachresort.com,99538,NG YU TECK,195,51 Imbiah Walk,6ABC046B9B47E41E,2.02101E+13,,
103.8260535,1.305661409,St. Regis Hotel Singapore,,stregis.singapore@stregis.com,247911,Radu Cernia,299,29 Tanglin Road,048B3D5147B2C459,2.02101E+13,,
103.8507106,1.294162101,THE CAPITOL KEMPINSKI HOTEL SINGAPORE,,,178906,Dawn Tan Woon Woon,157,15 STAMFORD ROAD,B25D68ABEEB78850,2.02101E+13,,
103.8416402,1.281039043,The Keong Saik Hotel,,reservations@keongsaikhotel.com.sg,89165,Tan Koon Jim,25,69 Keong Saik Road,C08E9BF66D14C6E6,2.02101E+13,,
103.8501083,1.299186722,Hotel Bencoolen,,enquiries@hotelbencoolen.com,189626,Herman Gay Teow Hua,84,47 Bencoolen Street,6277BB04642A8A23,2.02101E+13,,
103.8525044,1.323344937,Value Hotel - Nice,,valuehotel@valuehotel.com.sg,329738,Chu Poh Yong,63,302 Balestier Road,31D11432E3C9F122,2.02101E+13,,
103.8427199,1.326955741,Value Hotel - Thomson,,valuehotel@valuehotel.com.sg,329901,Chu Poh Yong,366,592 Balestier Road,A60A2481DE2E2ACB,2.02101E+13,,
